,Infection_rate,Sequential_test,Stop_rule,Repeat,Prob_threshold,Acc,Acc_SD,Sens,Sens_SD,Spec,Spec_SD,PPV,PPV_SD,NPV,NPV_SD,Test_consum,Test_consum_SD,Ind_consum,Ind_consum_SD,Batch_consum,Batch_consum_SD
0,0.001,True,3,2,0.3,0.9998690999999994,3.784858189569817e-05,0.9525377306197814,0.0215006860674908,0.9999170159450221,2.8467747130927452e-05,0.9207730972285393,0.025036117382205382,0.9999519497499684,2.294313574013652e-05,6637.79,195.34007098732545,930.3,102.8104561753808,5707.49,105.11451139138927
0,0.01,True,3,2,0.3,0.9990165999999999,9.208274715293786e-05,0.9504813459665072,0.00632035400999901,0.9995048608811814,7.09392277504006e-05,0.9508444169253508,0.006452148702842909,0.9995018395698482,6.355815636585816e-05,25434.1,357.3765097162512,5970.92,197.34959392464486,19463.18,173.51723228253124
0,0.03,True,3,2,0.3,0.9970851999999993,0.0001727231684786174,0.9541262830697781,0.004164919973442625,0.998412308344494,0.00011628983323872273,0.9489015963650576,0.0034736809660283027,0.9985825950986252,0.00012980416576616655,50669.94,410.2352815917059,18877.86,315.0502611817789,31792.08,134.84871283603474
0,0.05,True,3,2,0.3,0.9957746999999999,0.00021583034395964622,0.9538602565598719,0.0033749818986279394,0.9979805970508434,0.00014688673128883636,0.9613427284843747,0.00260942675020955,0.9975726857275738,0.00017775878828913053,66431.64,523.4447192793276,24881.94,358.0200270906362,41549.7,193.83036945022863
0,0.1,True,3,2,0.3,0.9923036000000003,0.0002724135299744332,0.9540774946281542,0.002151685197120263,0.9965455190664302,0.0001803027677655006,0.9684043661527026,0.001575321772205461,0.9949123255118839,0.0002455789192760946,100840.35,612.8536394061256,42226.44,455.7617071863034,58613.91,187.6976988713931
