,Infection_rate,Sq_Repeat,Ind_Repeat,Acc,Acc_SD,Sens,Sens_SD,Spec,Spec_SD,PPV,PPV_SD,NPV,NPV_SD,Test_consum,Test_consum_SD,Batch_consum,Batch_consum_SD,Ind_consum,Ind_consum_SD
0,0.001,3.0,3.0,0.9990802999999996,0.0003053180325662,0.956055799304713,0.0223682984312643,0.9991240045576418,0.0003003888185746,0.5388564612473616,0.087767532727967,0.9999553162528578,2.311404138037327e-05,53038.73,985.9513157710712,49968.0,0.0,3070.73,985.9513157710716
1,0.01,3.0,3.0,0.9966607000000002,0.0003471100166177,0.9544440203864089,0.0091655181798692,0.99708440042035,0.0003448080792056,0.7672065673111894,0.020177138156579,0.9995416360315892,9.303831387139398e-05,60833.21,1027.128657319456,49968.0,0.0,10865.21,1027.128657319456
2,0.03,3.0,3.0,0.9886590000000004,0.0005123475382979,0.953619502811172,0.0068974454085973,0.9897437963910636,0.0004990200292032,0.7422227478082695,0.0083352126953055,0.9985513440175042,0.0002203349238558,87098.45,1413.87441311476,49968.0,0.0,37130.45,1413.87441311476
3,0.05,3.0,3.0,0.9790612000000009,0.0006694401097977,0.9539310988602048,0.0076062161660985,0.9803810469350044,0.0007166461173815,0.7188523928884092,0.0061191747183554,0.9975371034553574,0.0003997632239912,118421.28,1808.642993065142,49968.0,0.0,68453.28,1808.642993065142
4,0.1,3.0,3.0,0.9565593999999998,0.0010949884183696,0.954132097885481,0.0065275627704842,0.9568298789413348,0.0010091129945846,0.7108066060460358,0.0048125772502292,0.9946972557221848,0.0007594106236292,192160.46,1975.288805990331,49968.0,0.0,142192.46,1975.288805990331
