,Infection_rate,Sequential_test,Stop_rule,Repeat,Prob_threshold,Acc,Acc_SD,Sens,Sens_SD,Spec,Spec_SD,PPV,PPV_SD,NPV,NPV_SD,Test_consum,Test_consum_SD,Ind_consum,Ind_consum_SD,Batch_consum,Batch_consum_SD
0,0.001,True,2,2,0.3,0.9997460000000001,5.075192189225674e-05,0.9187097570543606,0.0282408815984351,0.9998283242122945,3.755174763296964e-05,0.845186679874318,0.027843705406826576,0.999917408565646,2.9070302276744608e-05,8739.76,246.8834068252797,1862.33,211.35751964647744,6877.43,46.265429858588824
0,0.01,True,2,2,0.3,0.9971982999999999,0.00017452420167328263,0.9188325506536202,0.010284824661621693,0.9979849618925148,0.00015550621941094945,0.8208112140449042,0.010502474264290067,0.9991842295494955,0.0001070018247410293,33687.77,598.1489266770011,21076.29,588.8144791087263,12611.48,46.76558347737999
0,0.03,True,2,2,0.3,0.9938100999999996,0.00026881143178552903,0.9189657569712337,0.006961939223088002,0.9961262558793813,0.00022532325695272555,0.8801860113248174,0.005289620758294305,0.9974888258864223,0.00021664056213077033,61644.8,728.3723656415741,40971.71,729.5471446470243,20673.09,14.734070322990457
0,0.05,True,2,2,0.3,0.9911083999999996,0.00036222020201456747,0.9172475009455519,0.006034445285176815,0.9949867891598434,0.0002389932744078733,0.9057326514826584,0.004046353234288007,0.9956518873448935,0.00032393856185962996,77928.13,665.6151200053962,53383.49,669.4629612343364,24544.64,15.533294316507112
0,0.1,True,2,2,0.3,0.9863989,0.0005073418447898328,0.9184504917255003,0.004838169106323616,0.9939446810823988,0.0002669489884584306,0.9439662311858426,0.0022403603263142172,0.9909709894989257,0.0005380305592731817,100608.88,726.795224658128,65488.2,741.7637593920822,35120.68,28.753174616119402
