,Infection_rate,Sequential_test,Stop_rule,Repeat,Prob_threshold,Acc,Acc_SD,Sens,Sens_SD,Spec,Spec_SD,PPV,PPV_SD,NPV,NPV_SD,Test_consum,Test_consum_SD,Ind_consum,Ind_consum_SD,Batch_consum,Batch_consum_SD
0,0.001,True,2,2,0.3,0.9997399999999996,5.674682387766094e-05,0.9137036786678853,0.026543152068412196,0.9998273220649607,4.6839641034712965e-05,0.8449519861758259,0.03179465010417274,0.9999124035103761,2.7714826777933624e-05,8525.94,259.5120059113281,1873.05,214.7814193099768,6652.89,55.02394244712243
0,0.01,True,2,2,0.3,0.9968212000000001,0.00020284979764358116,0.9174575545868655,0.01098370070075593,0.9976177014080991,0.00018685797997457292,0.7946771768459787,0.011242610560719946,0.9991702868771632,0.00011188120645307192,36962.0,818.7460602110468,24806.36,814.7609120707644,12155.64,12.427177775937194
0,0.03,True,2,2,0.3,0.9937939,0.0003185253109838774,0.9181750911103304,0.007036186959571484,0.9961344133523677,0.00023182004330196725,0.8803002384036119,0.006108510278730753,0.997464006487907,0.00022281184353424243,61533.75,736.5529512533366,40861.04,736.3021437349527,20672.71,15.557190029570295
0,0.05,True,2,2,0.3,0.9911618999999996,0.0003839867816538111,0.9184242873294793,0.006777431532084435,0.9949815541340737,0.00022554719293092204,0.9057744977732517,0.0034513231548151018,0.9957131160573616,0.0003580819127414863,77523.0,747.2669394452553,53392.05,751.5002419403229,24130.95,18.16722267706265
0,0.1,True,2,2,0.3,0.9864191999999999,0.0005888589891399337,0.9185111619314918,0.005354148346250897,0.9939575071011436,0.00027662146198779547,0.9440574670698596,0.0024889383281738752,0.9909813934559797,0.0005840371475059683,100626.38,727.0788486273082,65505.92,742.6261846319519,35120.46,29.70984940243137
