,Infection_rate,Sequential_test,Stop_rule,Repeat,Prob_threshold,Acc,Acc_SD,Sens,Sens_SD,Spec,Spec_SD,PPV,PPV_SD,NPV,NPV_SD,Test_consum,Test_consum_SD,Ind_consum,Ind_consum_SD,Batch_consum,Batch_consum_SD
0,0.001,True,3,3,0.3,0.9997488000000001,5.007630541120457e-05,0.9699349236025614,0.020046022309082357,0.9997789735858899,4.608251902660217e-05,0.8176955201313568,0.029402696873448205,0.9999695635077073,1.996885047091755e-05,12500.52,291.2575478711568,2371.95,246.78647274782534,10128.57,58.92972274007593
0,0.01,True,3,3,0.3,0.9966591,0.00018390321894788794,0.9691417746585302,0.007552493324833097,0.9969348353574884,0.00018108926783216053,0.7603939969281177,0.009636363988427831,0.9996898812825649,7.50136668340399e-05,47535.23,913.6295676967208,31359.16,909.2126766126456,16176.07,68.18176168347827
0,0.03,True,3,3,0.3,0.9934353,0.00025929763328318893,0.9700866793224248,0.005533320735867769,0.9941583186772633,0.0002576468898560353,0.8372253164398756,0.005617782714723442,0.9990691358497229,0.0001729428911628307,84659.54,1012.774092293144,60156.97,1021.6599926125376,24502.57,50.535367153443474
0,0.05,True,3,3,0.3,0.9910595000000001,0.00031362454230393627,0.9708637061200734,0.004099363094372602,0.9921206317040259,0.00030105830475288785,0.8662721120805805,0.003993909655639526,0.9984591131336455,0.0002146119310339091,109894.63,1155.0093677087427,80925.99,1146.9218663778965,28968.64,47.37184093035981
0,0.1,True,3,3,0.3,0.9883662000000001,0.00044294647053292555,0.9702288834256743,0.0037414175607721205,0.9903812045825839,0.00034212823748489034,0.9180698451027101,0.0026399340802921644,0.9966717695185277,0.00042096878315192555,138216.3,896.0582536528492,97632.0,894.1894134190513,40584.3,53.40440340487199
