,Infection_rate,Sequential_test,Stop_rule,Repeat,Prob_threshold,Acc,Acc_SD,Sens,Sens_SD,Spec,Spec_SD,PPV,PPV_SD,NPV,NPV_SD,Test_consum,Test_consum_SD,Ind_consum,Ind_consum_SD,Batch_consum,Batch_consum_SD
0,0.001,True,3,3,0.3,0.9998497,4.0137516141637004e-05,0.9695027930829793,0.017369376571489032,0.9998803775364609,3.5526772881042394e-05,0.8923922521168483,0.0278576882552978,0.9999691660451637,1.7581916426043456e-05,8506.04,248.50124158785817,1351.26,164.6190963062514,7154.78,93.869303079367
0,0.01,True,3,3,0.3,0.9989839,0.00010958963860187225,0.9705470308858724,0.005513287802944675,0.9992694308135726,9.52622342540666e-05,0.9303380413358127,0.007935937605629287,0.9997041321769301,5.62323379474347e-05,27886.9,407.9855042978509,8368.73,278.628526279284,19518.17,150.4919243445617
0,0.03,True,3,3,0.3,0.9968729999999997,0.0001771348855442265,0.9723584969952885,0.0032557061502230334,0.9976316055342259,0.00014670860230164918,0.9270358249710391,0.004150047659534808,0.9991433311423391,0.00010238729202054856,58434.76,539.334552944645,26613.75,428.3397918390577,31821.01,152.89895620337242
0,0.05,True,3,3,0.3,0.9958062,0.00021417344052487034,0.9725810154677328,0.002663261188821653,0.9970255831900516,0.00017349047210374831,0.9449726837628536,0.0029330123529758166,0.9985581789310245,0.00013960660519809356,75912.33,580.2252968033237,34378.72,451.45996791106813,41533.61,164.5709386203525
0,0.1,True,3,3,0.3,0.9926235000000001,0.0002977673656403613,0.9727620719095544,0.00196837833473655,0.9948294166257549,0.0002643704586026655,0.9543306287686577,0.0021781089320845786,0.9969683078426594,0.00022273876746313189,116430.86,619.3099291007923,57823.06,503.28986005315386,58607.8,165.65120957096337
