,Infection_rate,Sequential_test,Stop_rule,Repeat,Prob_threshold,Acc,Acc_SD,Sens,Sens_SD,Spec,Spec_SD,PPV,PPV_SD,NPV,NPV_SD,Test_consum,Test_consum_SD,Ind_consum,Ind_consum_SD,Batch_consum,Batch_consum_SD
0,0.001,True,3,3,0.3,0.9998556999999998,3.8330171147569757e-05,0.9676366283635721,0.018065845291805188,0.9998883854553341,3.264712830228507e-05,0.8987677927631001,0.02503950708306158,0.9999671641083513,1.80022392926067e-05,11686.46,216.78138781041628,1321.13,153.51679768584665,10365.33,74.96168112018057
0,0.01,True,3,3,0.3,0.9989812,0.00010699079541264542,0.969682760004735,0.005698382229522563,0.9992754943682391,9.292563157672966e-05,0.9307900411874119,0.007914103044659544,0.9996953448200288,5.935311240846367e-05,29161.13,389.18079346237016,8326.89,258.5104532595238,20834.24,145.43859963099982
0,0.03,True,3,3,0.3,0.9968534999999998,0.0001804336807010078,0.9726351290744276,0.0031584817471099896,0.9976033148771972,0.00015644283943481142,0.9262885744590009,0.004336227966494322,0.9991514433205957,9.978155235386444e-05,58733.24,634.8583094922151,26629.58,516.703208482941,32103.66,156.49166370155572
0,0.05,True,3,3,0.3,0.9957910999999998,0.00023446433684577028,0.9725137591798277,0.002572095807750923,0.997013494175885,0.0001809121261253866,0.9447521143930306,0.0030286766300148572,0.9985543545982537,0.0001409657868910072,75892.59,620.612716058359,34357.36,454.0438620737745,41535.23,191.7002529202739
0,0.1,True,3,3,0.3,0.9926879999999998,0.0003108444022726596,0.9729329577598703,0.0018709885747156887,0.9948808544437224,0.00026169366310544226,0.9547528753750341,0.0021750455506119354,0.9969890363753885,0.00020816928833598025,116423.77,726.4842675585625,57829.6,590.9961971540131,58594.17,192.17411376145333
