,Infection_rate,Sequential_test,Stop_rule,Repeat,Prob_threshold,Acc,Acc_SD,Sens,Sens_SD,Spec,Spec_SD,PPV,PPV_SD,NPV,NPV_SD,Test_consum,Test_consum_SD,Ind_consum,Ind_consum_SD,Batch_consum,Batch_consum_SD
0,0.001,True,3,1,0.3,0.9997763000000001,5.2832018911085824e-05,0.8206101084614835,0.03866104752920428,0.9999584572696437,1.9476911619040802e-05,0.9527779611932863,0.021547944401303816,0.9998176401081805,4.238265578162849e-05,10867.08,127.27149696375045,505.85,59.15061668778657,10361.23,75.55810594328959
0,0.01,True,3,1,0.3,0.9980255,0.00013750573909052113,0.8263569949002416,0.01200010713944757,0.9997489035421713,4.7050823213044395e-05,0.9706303122090403,0.005361614417967883,0.9982593726092566,0.00012963537691022174,24220.74,238.47074318149672,3394.22,103.7177190865922,20826.52,144.54480833347705
0,0.03,True,3,1,0.3,0.9940970000000001,0.000248606215740976,0.8293460453662371,0.007619376704894127,0.999194315815912,9.832551193077623e-05,0.9695690481225241,0.00358102722314972,0.9947435765091494,0.00024410653486170832,42852.74,295.752101352713,10740.19,192.79437389628515,32112.55,136.0560175037837
0,0.05,True,3,1,0.3,0.9905187,0.0002862423039413575,0.8293873190107095,0.005272422478564508,0.9989892073600344,9.733789539590787e-05,0.9773478910971918,0.0021003661064899807,0.9911018777667299,0.00028793519965356144,56064.56,330.3325939507978,14525.23,183.83154646237267,41539.33,165.68285726628204
0,0.1,True,3,1,0.3,0.9814118,0.0004349907232262863,0.8297703960925186,0.003565655962571924,0.9982599730275377,0.00015627984138016603,0.9814791736179478,0.0016111449606123094,0.98140577910876,0.0004380601745884654,83996.3,439.55980046157333,25379.9,279.75683885990867,58616.4,189.00045427768612
