,Infection_rate,Sequential_test,Stop_rule,Repeat,Prob_threshold,Acc,Acc_SD,Sens,Sens_SD,Spec,Spec_SD,PPV,PPV_SD,NPV,NPV_SD,Test_consum,Test_consum_SD,Batch_consum,Batch_consum_SD,Ind_consum,Ind_consum_SD
0,0.001,True,3,3,0.3,0.9998399999999996,3.928656695912967e-05,0.9689350152533784,0.0165135504346097,0.9998710677480988,3.837419360145422e-05,0.8852378766725864,0.0289845730833994,0.9999687655906492,1.6364866693340554e-05,7053.31,259.41557062525806,5703.84,110.74346732677084,1349.47,157.99369984882054
1,0.01,True,3,3,0.3,0.9989839,0.0001062957091221,0.9700451934914098,0.0056985720696962,0.9992742855594524,9.600681113472966e-05,0.9306814502184686,0.0084577229034858,0.9996992871474992,5.785517516590636e-05,27809.02,404.18874928739046,19436.37,161.01864218565854,8372.65,260.83372059221904
2,0.03,True,3,3,0.3,0.9968513,0.0001836534670502,0.9729623938144044,0.003309581023693,0.997589955761768,0.0001624651636723,0.9258906100949243,0.0043990405365678,0.9991626060621738,0.0001002694761964,58428.4,609.2460981252223,31809.01,154.22464888347886,26619.39,501.2357233917394
3,0.05,True,3,3,0.3,0.9957709000000002,0.0002070528893541,0.9722926800626516,0.0024842904065514,0.9970036991027856,0.000167919363564,0.9445698832570004,0.0028414500502112,0.9985428739398584,0.0001331276938905,75908.21,599.9580506379195,41530.44,188.84130048185116,34377.77,440.69270209156815
4,0.1,True,3,3,0.3,0.9926365,0.0002826118264412,0.9725281602529658,0.0017368477592911,0.9948694291813486,0.0002210048592773,0.9546528758053636,0.0018364793976943,0.9969429121699624,0.0001937811882655,116341.38,718.2612813474135,58611.15,164.58477751571988,57730.23,605.723957114313
