,Infection_rate,Sequential_test,Stop_rule,Repeat,Prob_threshold,Acc,Acc_SD,Sens,Sens_SD,Spec,Spec_SD,PPV,PPV_SD,NPV,NPV_SD,Test_consum,Test_consum_SD,Ind_consum,Ind_consum_SD,Batch_consum,Batch_consum_SD
0,0.001,True,3,3,0.3,0.9998497000000002,4.0137516141637004e-05,0.9695027930829789,0.017369376571489032,0.9998803775364605,3.552677288104239e-05,0.8923922521168489,0.027857688255297792,0.9999691660451633,1.7581916426043456e-05,8506.04,248.50124158785817,1351.26,164.6190963062514,7154.78,93.869303079367
0,0.01,True,3,3,0.3,0.9989838999999999,0.00010958963860187225,0.9705470308858724,0.0055132878029446756,0.9992694308135723,9.526223425406658e-05,0.9303380413358124,0.007935937605629287,0.9997041321769297,5.6232337947434705e-05,27886.9,407.98550429785087,8368.73,278.628526279284,19518.17,150.4919243445617
0,0.03,True,3,3,0.3,0.9968730000000001,0.0001771348855442265,0.9723584969952884,0.0032557061502230334,0.9976316055342258,0.00014670860230164918,0.9270358249710392,0.0041500476595348074,0.9991433311423394,0.00010238729202054858,58434.76,539.3345529446449,26613.75,428.3397918390577,31821.01,152.89895620337248
0,0.05,True,3,3,0.3,0.9958062000000001,0.00021417344052487036,0.9725810154677328,0.002663261188821652,0.9970255831900517,0.00017349047210374831,0.944972683762853,0.002933012352975817,0.9985581789310244,0.0001396066051980936,75912.33,580.2252968033237,34378.72,451.4599679110681,41533.61,164.57093862035254
0,0.1,True,3,3,0.3,0.9926235000000001,0.00029776736564036125,0.9727620719095544,0.00196837833473655,0.9948294166257553,0.00026437045860266555,0.954330628768658,0.0021781089320845786,0.9969683078426592,0.00022273876746313189,116430.86,619.3099291007923,57823.06,503.2898600531539,58607.8,165.6512095709634
