,Infection_rate,Sequential_test,Stop_rule,Repeat,Prob_threshold,Acc,Acc_SD,Sens,Sens_SD,Spec,Spec_SD,PPV,PPV_SD,NPV,NPV_SD,Test_consum,Test_consum_SD,Ind_consum,Ind_consum_SD,Batch_consum,Batch_consum_SD
0,0.001,True,3,3,0.3,0.9998556999999999,3.833017114756976e-05,0.9676366283635722,0.018065845291805188,0.9998883854553349,3.2647128302285064e-05,0.8987677927630999,0.025039507083061577,0.999967164108352,1.8002239292606703e-05,11686.46,216.7813878104163,1321.13,153.51679768584668,10365.33,74.96168112018059
0,0.01,True,3,3,0.3,0.9989812,0.00010699079541264542,0.9696827600047346,0.005698382229522564,0.9992754943682391,9.292563157672963e-05,0.9307900411874122,0.007914103044659544,0.9996953448200288,5.9353112408463674e-05,29161.13,389.1807934623701,8326.89,258.5104532595238,20834.24,145.43859963099982
0,0.03,True,3,3,0.3,0.9968535,0.00018043368070100782,0.9726351290744275,0.0031584817471099888,0.9976033148771971,0.00015644283943481142,0.9262885744590014,0.004336227966494324,0.9991514433205962,9.978155235386447e-05,58733.24,634.8583094922153,26629.58,516.703208482941,32103.66,156.4916637015557
0,0.05,True,3,3,0.3,0.9957911000000002,0.0002344643368457703,0.9725137591798274,0.0025720958077509225,0.997013494175885,0.00018091212612538656,0.9447521143930305,0.0030286766300148577,0.9985543545982538,0.00014096578689100716,75892.59,620.612716058359,34357.36,454.0438620737744,41535.23,191.70025292027384
0,0.1,True,3,3,0.3,0.9926879999999998,0.0003108444022726596,0.9729329577598708,0.0018709885747156887,0.9948808544437228,0.0002616936631054422,0.9547528753750345,0.002175045550611936,0.9969890363753886,0.00020816928833598025,116423.77,726.4842675585626,57829.6,590.996197154013,58594.17,192.17411376145333
