,Infection_rate,Sequential_test,Stop_rule,Repeat,Prob_threshold,Acc,Acc_SD,Sens,Sens_SD,Spec,Spec_SD,PPV,PPV_SD,NPV,NPV_SD,Test_consum,Test_consum_SD,Ind_consum,Ind_consum_SD,Batch_consum,Batch_consum_SD
0,0.001,True,1,1,0.3,0.9995447999999999,6.931818016227571e-05,0.7261098740444188,0.04131533833407009,0.999823220363661,4.6912744173614794e-05,0.8073920673448609,0.04487346961090126,0.9997211446818077,5.2001091840322686e-05,11840.5,133.36647315429826,1840.5,133.36647315429826,10000.0,0.0
0,0.01,True,1,1,0.3,0.9964318999999999,0.00019684734894805336,0.7212978866375843,0.016289923363206324,0.9991932790154537,9.070403491591557e-05,0.8998012307322782,0.010102228277837258,0.9972083697824542,0.0001776260433657059,18981.1,259.2954517787216,8981.1,259.29545177872154,10000.0,0.0
0,0.03,True,1,1,0.3,0.9896543999999998,0.00034907763021882287,0.7240588121654455,0.009307858194016291,0.9978788737458979,0.0001503176320840248,0.9135884848591647,0.005680604553858881,0.991509697205752,0.00030983110669562087,33107.5,438.3172021458543,23107.5,438.3172021458543,10000.0,0.0
0,0.05,True,1,1,0.3,0.9830825999999999,0.0004636408833212059,0.7218757330133608,0.00749167510994171,0.9968171571644574,0.00018448806737239313,0.922653355508208,0.00394899062997933,0.985541320875453,0.00042417599972745224,44693.3,500.37572751570264,34693.3,500.37572751570264,10000.0,0.0
0,0.1,True,1,1,0.3,0.9674908000000001,0.0006084085549176402,0.722080275421271,0.005244839958602166,0.9947735343785399,0.00025453482226399826,0.9388782728071731,0.0028264889344243155,0.9698763884431152,0.0005626587526915751,65671.4,519.1893837142823,55671.4,519.1893837142823,10000.0,0.0
