,Infection_rate,Sequential_test,Stop_rule,Repeat,Prob_threshold,Acc,Acc_SD,Sens,Sens_SD,Spec,Spec_SD,PPV,PPV_SD,NPV,NPV_SD,Test_consum,Test_consum_SD,Batch_consum,Batch_consum_SD,Ind_consum,Ind_consum_SD
0,0.001,True,3,1,0.3,0.9997828999999996,4.71039040608867e-05,0.8305160938776721,0.0337366321371227,0.999955454412935,2.255831537411553e-05,0.9502849321638543,0.0241466153785649,0.9998272458871004,3.8586088367423696e-05,6221.29,159.0245705556347,5705.43,109.03685365299869,515.86,56.150414877444064
1,0.01,True,3,1,0.3,0.9980568000000002,0.0001396740795024,0.828050215832295,0.0119522004370741,0.9997620345733716,5.11759609936497e-05,0.9721777550008528,0.0058214216170245,0.9982778327413144,0.0001289244271016,22840.63,279.9102545568144,19439.29,169.26694564766294,3401.34,119.30397641268624
2,0.03,True,3,1,0.3,0.9941245,0.0002621757256328,0.8306451871507794,0.0066337891483033,0.9991853155488424,0.0001038671453117,0.9693169926976664,0.003653375175226,0.9947803804244124,0.0002227786449901,42560.51,316.0595614178383,31829.59,151.41988547470146,10730.92,191.37164013109324
3,0.05,True,3,1,0.3,0.9905172,0.0002917972175357,0.8290757766175197,0.0052664810490112,0.9990033132433364,9.76932080125892e-05,0.9776470335220684,0.0021130026746675,0.9910866068695356,0.0002866993767987,56089.32,376.83549126209897,41553.78,184.9226745306144,14535.54,210.3792832678228
4,0.1,True,3,1,0.3,0.9813879999999996,0.0004906581850386,0.8295723175611041,0.0041480714294749,0.998263454056698,0.0001330300540905,0.9815184377655368,0.0013675927511671,0.9813761518294138,0.0005047737304455,84011.79,374.8531374371364,58621.61,167.8366747583477,25390.18,242.76618755127708
