,Infection_rate,Sequential_test,Stop_rule,Repeat,Prob_threshold,Acc,Acc_SD,Sens,Sens_SD,Spec,Spec_SD,PPV,PPV_SD,NPV,NPV_SD,Test_consum,Test_consum_SD,Batch_consum,Batch_consum_SD,Ind_consum,Ind_consum_SD
0,0.001,True,3,1,0.3,0.9994814000000004,8.588246607892687e-05,0.6712575098289771,0.0484564979262105,0.9998149095141192,5.171066819874318e-05,0.7887291458124858,0.0443953753110365,0.9996660098183894,5.711004957057784e-05,7072.14,166.85280635907506,6374.57,104.0718725038838,697.57,78.05401587323611
1,0.01,True,3,1,0.3,0.9957778,0.0002087750710765,0.6714963022780018,0.0154301412631496,0.9990305629851312,0.0001011154816698,0.8742903398267401,0.0111558425983767,0.996712521452274,0.0001747103266802,24990.87,285.4987008408588,20891.8,164.51766046859714,4099.07,139.52540444251895
2,0.03,True,3,1,0.3,0.9877618000000004,0.0003443934207891,0.6716661987620985,0.0090216406835366,0.997543946997115,0.0001702405969192,0.8943812043592985,0.0060630768048752,0.9899167946385627,0.0003200247435816,47494.26,355.44627291518043,36860.14,182.48719451407044,10634.12,191.1280326076864
3,0.05,True,3,1,0.3,0.9803286,0.0004098706866781,0.678420816909138,0.0064449099531818,0.9962046648193864,0.0002082246139342,0.9038616451213776,0.004798216933781,0.9833083732152744,0.0003757307628539,60867.09,374.3442507649985,44268.48,173.71824860673073,16598.61,249.05785685379627
4,0.1,True,3,1,0.3,0.9616279000000002,0.0006442226464366,0.678481826941441,0.0051631234699056,0.9930895076872878,0.0002754595251416,0.9160358662194784,0.0030984582695862,0.9652753057145196,0.0006522896947768,87169.97,398.3351833353769,57404.95,180.29484129608304,29765.02,298.8960151604365
