,Infection_rate,Acc,Acc_SD,Sens,Sens_SD,Spec,Spec_SD,PPV,PPV_SD,NPV,NPV_SD,Test_consum,Test_consum_SD
0,0.001,0.9697547000000002,0.0005235049998314094,0.7527716040865674,0.042679729048817595,0.9699754932708886,0.0005230390742234573,0.024876305278690638,0.0029074931835243165,0.9997407258722064,5.2014566036913874e-05,100000.0,0.0
0,0.01,0.9678104000000002,0.000522312109177968,0.7504519311559105,0.012688511029835587,0.9700076521432694,0.0005126861745195405,0.20186953583939818,0.005991977720176711,0.9974061033709287,0.00015209154392486305,100000.0,0.0
0,0.03,0.9634683000000002,0.0005802194899912087,0.7498272885219244,0.007674494239719695,0.9700487102012599,0.0005257099748011563,0.43537178393641207,0.00652978857314693,0.9921190184716305,0.0002857443444417558,100000.0,0.0
0,0.05,0.9590126999999995,0.0005436183580343104,0.7502050699927661,0.006184649991585127,0.9699959301717958,0.0005442987468943402,0.5680662362169236,0.00585919359021721,0.9866356100897192,0.0003729026215315508,100000.0,0.0
0,0.1,0.9478990999999999,0.0006907002668204627,0.7497417354353206,0.003975802023733455,0.9699197369038515,0.0006124870454898458,0.734735959658744,0.004968998111760317,0.972126274777649,0.0004973478680077437,100000.0,0.0
