,Infection_rate,Sequential_test,Stop_rule,Repeat,Prob_threshold,Acc,Acc_SD,Sens,Sens_SD,Spec,Spec_SD,PPV,PPV_SD,NPV,NPV_SD,Test_consum,Test_consum_SD,Batch_consum,Batch_consum_SD,Ind_consum,Ind_consum_SD
0,0.001,True,1,3,0.3,0.9948209999999998,0.0004229776601785,0.7354721826902058,0.0441454974718013,0.995085084303351,0.0004207822767695,0.13212082260549,0.0110315622681301,0.999729368967665,5.319435090661431e-05,19140.66,1176.388629010263,2632.0,0.0,16508.66,1176.388629010263
1,0.01,True,1,3,0.3,0.9877068999999996,0.0004655955130992,0.7376716966709442,0.0141158712598495,0.9902211528343816,0.0004569311975348,0.431537977036607,0.0092142619900004,0.9973430678610884,0.0001545052874638,40726.18,992.416980015065,7693.0,0.0,33033.18,992.416980015065
2,0.03,True,1,3,0.3,0.9778416999999996,0.0005176423924531,0.7373797247171241,0.0083265219487051,0.9852856086923109,0.0004780371389466,0.6081262323663469,0.0065336163607591,0.991816093813238,0.000277378491793,63014.72,983.7490346792332,12500.0,0.0,50514.72,983.7490346792332
3,0.05,True,1,3,0.3,0.9709662,0.0006509011313773,0.7380843940282343,0.0069917776686731,0.983213708323602,0.0004877047139795,0.6981257995010417,0.0061295291515581,0.9861838738220092,0.0004214206046266,74768.64,815.0662924020971,16667.0,0.0,58101.64,815.0662924020971
4,0.1,True,1,3,0.3,0.9521182,0.000807635756484,0.7379359090965903,0.0053545034686175,0.9758777487401048,0.0005822651264096,0.7723976121136996,0.0045116564443691,0.971072084682398,0.0006741707669921,102424.16,776.3194141120475,20000.0,0.0,82424.16,776.3194141120475
