,Infection_rate,Sequential_test,Stop_rule,Repeat,Prob_threshold,Acc,Acc_SD,Sens,Sens_SD,Spec,Spec_SD,PPV,PPV_SD,NPV,NPV_SD,Test_consum,Test_consum_SD,Batch_consum,Batch_consum_SD,Ind_consum,Ind_consum_SD
0,0.001,True,3,3,0.3,0.9993601000000004,0.000112047022957,0.8887342414637232,0.0289426866635188,0.9994730575394628,0.0001010182572277,0.6342028643367058,0.0345934045797549,0.9998863364284176,3.2504535560554325e-05,8289.55,312.185368884345,6383.13,109.4940296329098,1906.42,225.49582539977823
1,0.01,True,3,3,0.3,0.9959999000000002,0.0002333744336096,0.8832167066966968,0.0104367689438042,0.9971319748596968,0.0002025102412023,0.7557207192653884,0.0115416590217584,0.998825759786196,0.0001118941332221,31392.62,466.6193867824312,20890.27,139.63262440411197,10502.35,357.79036735174543
2,0.03,True,3,3,0.3,0.9895891,0.0003605077648052,0.8840779744465854,0.0060622510136461,0.9928553916118356,0.0003135655291586,0.7930462175579421,0.0063040850889548,0.9963985379476956,0.0001988269044851,63634.02,626.7628388486478,36877.0,179.3409934153146,26757.02,468.7419867059171
3,0.05,True,3,3,0.3,0.9839973999999998,0.0003872816947792,0.8903811369854081,0.0044747405430602,0.9889130826009908,0.0003381323688224,0.8083453629872348,0.0043864956314655,0.994213093419504,0.0002408337219498,85251.87,669.8132206862304,44240.97,163.0802897627145,41010.9,560.0332511773229
4,0.1,True,3,3,0.3,0.9710989999999992,0.0005981157281349,0.8913732031492575,0.0033557142080029,0.979945530562198,0.0005467461807187,0.8314364854267113,0.0035631342087925,0.987849196323607,0.0003988655294847,129406.37,746.0109086726452,57345.83,156.08532081441027,72060.54,665.0201397421181
