,Infection_rate,Sequential_test,Stop_rule,Repeat,Prob_threshold,Acc,Acc_SD,Sens,Sens_SD,Spec,Spec_SD,PPV,PPV_SD,NPV,NPV_SD,Test_consum,Test_consum_SD,Batch_consum,Batch_consum_SD,Ind_consum,Ind_consum_SD
0,0.001,True,1,1,0.3,0.9984690000000002,0.0001510602261324,0.558155851294706,0.0503860639633515,0.9989179983051076,0.0001233540907123,0.3443952057036457,0.0359277406182519,0.9995491560406102,7.349621166788683e-05,13719.0,185.71456321435588,10000.0,0.0,3719.0,185.71456321435588
1,0.01,True,1,1,0.3,0.9929113,0.0002718869900409,0.5608884757620246,0.01462946522331,0.9972468298537116,0.000189993299607,0.6717228946747593,0.0158412254320553,0.9956005853039148,0.0001836716276818,19824.8,278.8920358790614,10000.0,0.0,9824.8,278.8920358790614
2,0.03,True,1,1,0.3,0.9809828,0.0004658154140858,0.5630937506927708,0.0098697681155855,0.9939160144662972,0.0002564762905605,0.7412665594233588,0.0079229485334311,0.986578018903525,0.0003778744306567,31897.4,390.6627882732296,10000.0,0.0,21897.4,390.6627882732296
3,0.05,True,1,1,0.3,0.9696974,0.000577447570754,0.5621057834559992,0.0077691650367399,0.991123816520036,0.0003402979704656,0.769036321889637,0.0066922486919871,0.9773015655576772,0.0004774730815336,41845.3,476.1895365791596,10000.0,0.0,31845.3,476.1895365791596
4,0.1,True,1,1,0.3,0.9435469000000004,0.0008381758632755,0.5632839646624654,0.0053111018713912,0.98582330266895,0.0004224880288878,0.815421678262462,0.0042185495716916,0.953060950497247,0.0008030782982643,59885.0,493.6618480316463,10000.0,0.0,49885.0,493.6618480316463
