,Infection_rate,Sequential_test,Stop_rule,Repeat,Prob_threshold,Acc,Acc_SD,Sens,Sens_SD,Spec,Spec_SD,PPV,PPV_SD,NPV,NPV_SD,Test_consum,Test_consum_SD,Batch_consum,Batch_consum_SD,Ind_consum,Ind_consum_SD
0,0.001,True,1,1,0.3,0.9995448,6.931818016227573e-05,0.726109874044419,0.0413153383340701,0.9998232203636608,4.691274417361479e-05,0.807392067344861,0.0448734696109012,0.999721144681808,5.2001091840322686e-05,11840.5,133.36647315429826,10000.0,0.0,1840.5,133.36647315429826
1,0.01,True,1,1,0.3,0.9964318999999996,0.000196847348948,0.7212978866375843,0.0162899233632063,0.9991932790154536,9.07040349159156e-05,0.8998012307322786,0.0101022282778372,0.9972083697824544,0.0001776260433657,18981.1,259.2954517787216,10000.0,0.0,8981.1,259.29545177872154
2,0.03,True,1,1,0.3,0.9896544,0.0003490776302188,0.7240588121654455,0.0093078581940162,0.9978788737458976,0.000150317632084,0.9135884848591648,0.0056806045538588,0.9915096972057516,0.0003098311066956,33107.5,438.3172021458543,10000.0,0.0,23107.5,438.3172021458543
3,0.05,True,1,1,0.3,0.9830826,0.0004636408833212,0.7218757330133606,0.0074916751099417,0.996817157164458,0.0001844880673723,0.922653355508208,0.0039489906299793,0.9855413208754532,0.0004241759997274,44693.3,500.3757275157028,10000.0,0.0,34693.3,500.3757275157028
4,0.1,True,1,1,0.3,0.9674908,0.0006084085549176,0.7220802754212712,0.0052448399586021,0.9947735343785398,0.0002545348222639,0.9388782728071726,0.0028264889344243,0.9698763884431152,0.0005626587526915,65671.4,519.1893837142821,10000.0,0.0,55671.4,519.1893837142823
