,Infection_rate,Sequential_test,Stop_rule,Repeat,Prob_threshold,Acc,Acc_SD,Sens,Sens_SD,Spec,Spec_SD,PPV,PPV_SD,NPV,NPV_SD,Test_consum,Test_consum_SD,Batch_consum,Batch_consum_SD,Ind_consum,Ind_consum_SD
0,0.001,True,1,3,0.3,0.9987075000000004,0.0001412954137238,0.8420375717262781,0.0384284561421152,0.9988657390875092,0.0001419917888777,0.4308432614751602,0.026817146222146,0.9998402836929156,3.704477578172491e-05,14393.2,1128.028834075198,2858.0,0.0,11535.2,1128.028834075198
1,0.01,True,1,3,0.3,0.9955992999999996,0.0002462332596986,0.845339134424886,0.0128190345643223,0.9971078347964486,0.0002030392970811,0.7459826557673523,0.0123957101191731,0.9984451892202532,0.0001390450804866,37889.12,824.4791349939694,8334.0,0.0,29555.12,824.4791349939694
2,0.03,True,1,3,0.3,0.9910743000000002,0.0002985326234647,0.8463528162242392,0.0073844410830791,0.9955514755038558,0.0002457270565011,0.8548284156656966,0.0066633421360867,0.995248135521212,0.0002303119142018,60566.84,816.8377028071567,14286.0,0.0,46280.84,816.8377028071567
3,0.05,True,1,3,0.3,0.9867833,0.0003763086391769,0.8469717694277908,0.005919042438793,0.9941317467092856,0.0002376190061836,0.8835407084296892,0.0040320391718646,0.991974366752454,0.000331446266125,77951.93,793.396066465437,16667.0,0.0,61284.93,793.396066465437
4,0.1,True,1,3,0.3,0.9783511000000004,0.0004991687939449,0.846639797874958,0.0042364911300187,0.9929596371144668,0.0003000203619363,0.9302624172886153,0.0026711614311547,0.9831582226508706,0.0004938781648213,98341.16,739.0062358097236,25000.0,0.0,73341.16,739.0062358097236
