,Infection_rate,Acc,Acc_SD,Sens,Sens_SD,Spec,Spec_SD,PPV,PPV_SD,NPV,NPV_SD,Test_consum,Test_consum_SD
0,0.001,0.9898613,0.00032661921424054577,0.8525010778550239,0.03563518103577637,0.9900008416351669,0.0003260081515292158,0.07985128207868011,0.008802557583393327,0.9998486577100796,3.880522101422755e-05,100000.0,0.0
0,0.01,0.9885981000000001,0.0003164886102279843,0.8490643521861433,0.010489910916667785,0.9900085082716207,0.00029988757221328916,0.46208439368798443,0.010727964716725233,0.9984613064427817,0.000114377242390449,100000.0,0.0
0,0.03,0.9858868,0.0003926004471611251,0.8499742133503229,0.006702925759445142,0.9900727490504999,0.00031922623006932496,0.7250616975649241,0.007458694338723811,0.9953546782896195,0.00021944050835899037,100000.0,0.0
0,0.05,0.9830614000000003,0.00039566851752139234,0.8509299387077118,0.005088764814263384,0.9900119159540849,0.0003255866117237494,0.8175579541782579,0.005444670424190512,0.9921416952263613,0.0002999982297544318,100000.0,0.0
0,0.1,0.9759593000000001,0.00044172585080876623,0.8497036979733832,0.0030476268821522357,0.9899897604502597,0.0003352873743330234,0.9041477496265674,0.003147233226152996,0.9834089450509427,0.00036662537960556295,100000.0,0.0
