,Infection_rate,Sq_Repeat,Ind_Repeat,Acc,Acc_SD,Sens,Sens_SD,Spec,Spec_SD,PPV,PPV_SD,NPV,NPV_SD,Test_consum,Test_consum_SD,Batch_consum,Batch_consum_SD,Ind_consum,Ind_consum_SD
0,0.001,3.0,3.0,0.9999247999999998,4.0688022211893567e-05,0.9906634726953644,0.0105533881780018,0.999934232266705,3.930901569213093e-05,0.940200630545702,0.0332318884598158,0.9999904898039518,1.0683277565741968e-05,50726.63,342.3040663480116,49968.0,0.0,758.63,342.30406634801136
1,0.01,3.0,3.0,0.9993923999999994,0.0001032807295235,0.9897479134839272,0.0047795616561342,0.9994891202775984,8.85704273918594e-05,0.9511319932663322,0.007700450328941,0.9998971380217864,4.826377931651413e-05,56201.27,549.6419193392636,49968.0,0.0,6233.27,549.6419193392636
2,0.03,3.0,3.0,0.9970102999999998,0.0002142662131578,0.9904519518837864,0.0031411912279108,0.9972136444707884,0.0002038643690555,0.9167897629664228,0.005312984604539,0.9997032688383456,9.826540949782255e-05,80478.49,970.5042477230506,49968.0,0.0,30510.49,970.5042477230508
3,0.05,3.0,3.0,0.9938871999999996,0.0003157805144927,0.9901440460206684,0.0031239152463947,0.9940840723955736,0.0002987906619553,0.8980298160403187,0.0041455034835944,0.9994786943537668,0.0001649322264762,112176.79,1458.3159811608357,49968.0,0.0,62208.79,1458.3159811608357
4,0.1,3.0,3.0,0.9862598,0.0004865773683121,0.9904742202494866,0.002866768045165,0.9857912540312908,0.0004986483397809,0.8856761703213465,0.0031892013222959,0.9989275622454517,0.000322111896177,190263.29,1950.6590251046491,49968.0,0.0,140295.29,1950.6590251046491
